short_name	on_target	shots	percentage
Nice	52	108	0.48
Caen	55	129	0.43
Reims	40	94	0.43
PSG	62	150	0.41
Lorient	41	106	0.39
Monaco	47	119	0.39
Angers	38	101	0.38
Bastia	28	74	0.38
Marseille	53	145	0.37
Lyon	52	143	0.36
Rennes	42	119	0.35
Toulouse	45	128	0.35
Guingamp	43	123	0.35
St Etienne	42	127	0.33
Montpellier	33	99	0.33
Nantes	30	92	0.33
Bordeaux	40	131	0.31
Troyes	33	118	0.28
Lille	36	135	0.27
GFC Ajaccio	26	97	0.27
